[{"model": "contenttypes.contenttype", "pk": 1, "fields": {"app_label": "admin", "model": "logentry"}}, {"model": "contenttypes.contenttype", "pk": 2, "fields": {"app_label": "auth", "model": "permission"}}, {"model": "contenttypes.contenttype", "pk": 3, "fields": {"app_label": "auth", "model": "group"}}, {"model": "contenttypes.contenttype", "pk": 4, "fields": {"app_label": "auth", "model": "user"}}, {"model": "contenttypes.contenttype", "pk": 5, "fields": {"app_label": "contenttypes", "model": "contenttype"}}, {"model": "contenttypes.contenttype", "pk": 6, "fields": {"app_label": "sessions", "model": "session"}}, {"model": "contenttypes.contenttype", "pk": 7, "fields": {"app_label": "gotogether", "model": "user"}}, {"model": "contenttypes.contenttype", "pk": 8, "fields": {"app_label": "gotogether", "model": "event"}}, {"model": "contenttypes.contenttype", "pk": 9, "fields": {"app_label": "gotogether", "model": "rsvp"}}, {"model": "contenttypes.contenttype", "pk": 10, "fields": {"app_label": "gotogether", "model": "profile"}}, {"model": "contenttypes.contenttype", "pk": 11, "fields": {"app_label": "gotogether", "model": "usereventprofile"}}, {"model": "contenttypes.contenttype", "pk": 12, "fields": {"app_label": "gotogether", "model": "location"}}, {"model": "contenttypes.contenttype", "pk": 13, "fields": {"app_label": "gotogether", "model": "accommodation"}}, {"model": "contenttypes.contenttype", "pk": 14, "fields": {"app_label": "gotogether", "model": "campingoption"}}, {"model": "contenttypes.contenttype", "pk": 15, "fields": {"app_label": "gotogether", "model": "hoteloption"}}, {"model": "contenttypes.contenttype", "pk": 16, "fields": {"app_label": "gotogether", "model": "rentaloption"}}, {"model": "contenttypes.contenttype", "pk": 17, "fields": {"app_label": "gotogether", "model": "activity"}}, {"model": "contenttypes.contenttype", "pk": 18, "fields": {"app_label": "gotogether", "model": "food"}}, {"model": "contenttypes.contenttype", "pk": 19, "fields": {"app_label": "gotogether", "model": "business"}}, {"model": "contenttypes.contenttype", "pk": 20, "fields": {"app_label": "gotogether", "model": "booking"}}, {"model": "contenttypes.contenttype", "pk": 21, "fields": {"app_label": "gotogether", "model": "options"}}, {"model": "sessions.session", "pk": "qx4uzlp0gezqrgs351qinkmes9p8qzok", "fields": {"session_data": "ZDg2NmFiYzU4MzFjOGM3YTUzNWZjMWRkMjEyZjVhZTg0ZGJkODM4Yjp7Il9hdXRoX3VzZXJfaGFzaCI6ImJjMmQ4YTRjNDI2YjJmYmQ0NDRlNmIzMDM2M2NlOTYwMjg1MDlmNDIiLCJfYXV0aF91c2VyX2JhY2tlbmQiOiJkamFuZ28uY29udHJpYi5hdXRoLmJhY2tlbmRzLk1vZGVsQmFja2VuZCIsIl9hdXRoX3VzZXJfaWQiOiIxIn0=", "expire_date": "2016-12-26T20:59:06.315Z"}}, {"model": "gotogether.user", "pk": 1, "fields": {"email": "leah@gmail.com", "firstname": "Leah", "lastname": "A", "password": "password", "phone": "617 555 1212", "created": "2016-12-12T18:51:45.861Z", "avatar": "", "contacts": [2, 3, 4, 5, 6, 7]}}, {"model": "gotogether.user", "pk": 2, "fields": {"email": "alicia@gmail.com", "firstname": "Alicia", "lastname": "h", "password": "password", "phone": "617 555 1212", "created": "2016-12-12T18:52:17.047Z", "avatar": "uploads/beacon_jpcsqwr.png", "contacts": [1]}}, {"model": "gotogether.user", "pk": 3, "fields": {"email": "phoebe@gmail.com", "firstname": "Phoebe", "lastname": "Miller", "password": "password", "phone": "617 555 1212", "created": "2016-12-12T18:53:06.494Z", "avatar": "uploads/2015-08-11_17.49.20.jpg", "contacts": [1, 2]}}, {"model": "gotogether.user", "pk": 4, "fields": {"email": "josh@gmail.com", "firstname": "Josh", "lastname": "T", "password": "password", "phone": "617 555 1212", "created": "2016-12-12T18:53:25.527Z", "avatar": "", "contacts": [1, 2, 3]}}, {"model": "gotogether.user", "pk": 5, "fields": {"email": "kalinda@gmail.com", "firstname": "Kalinda", "lastname": "Miller", "password": "password", "phone": "617 555 1212", "created": "2016-12-12T18:53:50.943Z", "avatar": "", "contacts": [3]}}, {"model": "gotogether.user", "pk": 6, "fields": {"email": "cary@gmail.com", "firstname": "Cary", "lastname": "S", "password": "cspassword", "phone": "617 555 1212", "created": "2016-12-12T22:31:27.658Z", "avatar": "", "contacts": [1, 2, 3, 4, 5, 7, 8, 9, 10, 11]}}, {"model": "gotogether.user", "pk": 7, "fields": {"email": "steve@gmail.com", "firstname": "Steve", "lastname": "M", "password": "smpass", "phone": "617 555 1212", "created": "2016-12-13T03:46:19.939Z", "avatar": "", "contacts": [1, 2, 3, 4, 5]}}, {"model": "gotogether.user", "pk": 8, "fields": {"email": "Jon@mail.com", "firstname": "jon", "lastname": "H", "password": "aaa", "phone": "617 555 1212", "created": "2016-12-13T03:47:04.620Z", "avatar": "", "contacts": []}}, {"model": "gotogether.user", "pk": 9, "fields": {"email": "Carolyn@gmail.com", "firstname": "Carolyn", "lastname": "S", "password": "cspass", "phone": "617 555 1212", "created": "2016-12-13T03:47:43.777Z", "avatar": "", "contacts": [1, 2, 3, 4, 5, 6, 7, 8]}}, {"model": "gotogether.user", "pk": 10, "fields": {"email": "beth@gmail.com", "firstname": "Beth", "lastname": "S", "password": "bs", "phone": "617 555 1212", "created": "2016-12-13T03:48:41.311Z", "avatar": "", "contacts": [4]}}, {"model": "gotogether.user", "pk": 11, "fields": {"email": "Aj@gmail.com", "firstname": "aj", "lastname": "j", "password": "ajj", "phone": "617 555 1212", "created": "2016-12-13T03:49:37.057Z", "avatar": "", "contacts": [1, 2, 3, 4, 5, 6, 7, 8, 9, 10]}}, {"model": "gotogether.event", "pk": 1, "fields": {"name": "Memorial camping weekend 2017", "creator": 1, "created": "2016-12-12T21:02:23.951Z", "start": "2017-05-26T20:59:26Z", "end": "2017-05-29T20:59:33Z", "number_of_days": 3, "description": "camping with friends", "accommodation_type": "C", "camping": 1, "hotel": null, "rental": null, "activities": 1, "food": 1, "locations": [1]}}, {"model": "gotogether.event", "pk": 2, "fields": {"name": "Overnight Ski Trip", "creator": 1, "created": "2016-12-12T21:04:05.399Z", "start": "2017-01-04T18:00:00Z", "end": "2017-03-30T21:02:59Z", "number_of_days": 2, "description": "Let's go skiing if there is snow.", "accommodation_type": "R", "camping": null, "hotel": null, "rental": null, "activities": 2, "food": 2, "locations": [1]}}, {"model": "gotogether.event", "pk": 3, "fields": {"name": "New Years Eve Party", "creator": 6, "created": "2016-12-12T22:48:54.560Z", "start": "2016-12-26T22:47:22Z", "end": "2017-01-02T22:47:27Z", "number_of_days": 7, "description": "Party! Let's have fun!", "accommodation_type": "R", "camping": null, "hotel": null, "rental": 1, "activities": 5, "food": 4, "locations": [8]}}, {"model": "gotogether.rsvp", "pk": 1, "fields": {"group": 1, "person": 4, "organizer": false, "reply": "Y", "number_of_guests": 2, "invited": "2016-12-12T21:17:54.177Z", "replied": "2016-12-12T21:17:51Z"}}, {"model": "gotogether.rsvp", "pk": 2, "fields": {"group": 1, "person": 2, "organizer": false, "reply": "Y", "number_of_guests": 5, "invited": "2016-12-12T21:18:25.430Z", "replied": "2016-12-01T21:18:23Z"}}, {"model": "gotogether.rsvp", "pk": 3, "fields": {"group": 1, "person": 3, "organizer": false, "reply": "Y", "number_of_guests": 3, "invited": "2016-12-12T21:23:39.023Z", "replied": "2016-12-10T21:23:37Z"}}, {"model": "gotogether.rsvp", "pk": 4, "fields": {"group": 1, "person": 1, "organizer": true, "reply": "Y", "number_of_guests": 5, "invited": "2016-12-18T02:57:01.547Z", "replied": "2016-04-01T02:56:59Z"}}, {"model": "gotogether.rsvp", "pk": 5, "fields": {"group": 2, "person": 1, "organizer": false, "reply": "U", "number_of_guests": 1, "invited": "2016-12-18T22:14:23.888Z", "replied": "2016-12-18T22:14:21Z"}}, {"model": "gotogether.rsvp", "pk": 6, "fields": {"group": 1, "person": 6, "organizer": false, "reply": "U", "number_of_guests": 1, "invited": "2016-12-18T22:14:48.524Z", "replied": "2016-12-18T22:14:47Z"}}, {"model": "gotogether.rsvp", "pk": 7, "fields": {"group": 3, "person": 1, "organizer": false, "reply": "Y", "number_of_guests": 5, "invited": "2016-12-18T22:24:30.682Z", "replied": "2016-12-18T22:24:29Z"}}, {"model": "gotogether.rsvp", "pk": 8, "fields": {"group": 3, "person": 2, "organizer": false, "reply": "Y", "number_of_guests": 5, "invited": "2016-12-18T22:24:47.815Z", "replied": "2016-12-18T22:24:46Z"}}, {"model": "gotogether.rsvp", "pk": 9, "fields": {"group": 3, "person": 3, "organizer": false, "reply": "Y", "number_of_guests": 3, "invited": "2016-12-18T22:25:06.892Z", "replied": "2016-12-18T22:25:05Z"}}, {"model": "gotogether.rsvp", "pk": 10, "fields": {"group": 3, "person": 4, "organizer": false, "reply": "Y", "number_of_guests": 2, "invited": "2016-12-18T22:25:20.861Z", "replied": "2016-12-18T22:25:19Z"}}, {"model": "gotogether.rsvp", "pk": 11, "fields": {"group": 3, "person": 6, "organizer": false, "reply": "Y", "number_of_guests": 4, "invited": "2016-12-18T22:25:36.649Z", "replied": "2016-12-18T22:25:35Z"}}, {"model": "gotogether.rsvp", "pk": 12, "fields": {"group": 3, "person": 9, "organizer": false, "reply": "U", "number_of_guests": 4, "invited": "2016-12-18T22:25:58.929Z", "replied": "2016-12-18T22:25:57Z"}}, {"model": "gotogether.profile", "pk": 1, "fields": {"user": 1, "name": "Camping", "accommodation_type": "C", "camping": 2, "hotel": null, "rental": null, "activities": 3, "food": 3, "locations": [1, 5]}}, {"model": "gotogether.profile", "pk": 2, "fields": {"user": 2, "name": "Family Camping", "accommodation_type": "C", "camping": 7, "hotel": null, "rental": null, "activities": 14, "food": 8, "locations": [9]}}, {"model": "gotogether.profile", "pk": 3, "fields": {"user": 1, "name": "Roadtrip", "accommodation_type": "H", "camping": null, "hotel": 1, "rental": null, "activities": 17, "food": 11, "locations": []}}, {"model": "gotogether.usereventprofile", "pk": 1, "fields": {"user": 1, "event": 1, "profile": 1}}, {"model": "gotogether.usereventprofile", "pk": 2, "fields": {"user": 2, "event": 1, "profile": 2}}, {"model": "gotogether.location", "pk": 1, "fields": {"name": "Boston", "lat_coord": 42.364506, "long_coord": -71.038887, "proximity": 150}}, {"model": "gotogether.location", "pk": 2, "fields": {"name": "Conway, NH", "lat_coord": 43.6184, "long_coord": -70.6275, "proximity": 10}}, {"model": "gotogether.location", "pk": 3, "fields": {"name": "Kittery, Maine", "lat_coord": 42.122, "long_coord": -71.123, "proximity": 10}}, {"model": "gotogether.location", "pk": 4, "fields": {"name": "Springfield, MA", "lat_coord": 42.1221, "long_coord": -70.1122, "proximity": 10}}, {"model": "gotogether.location", "pk": 5, "fields": {"name": "Acton,MA", "lat_coord": 42.03, "long_coord": -72.23, "proximity": 150}}, {"model": "gotogether.location", "pk": 6, "fields": {"name": "Mad River Junction, Vermont", "lat_coord": 42.1, "long_coord": -70.3, "proximity": 10}}, {"model": "gotogether.location", "pk": 7, "fields": {"name": "Boston", "lat_coord": 42.2, "long_coord": 71.2, "proximity": 10}}, {"model": "gotogether.location", "pk": 8, "fields": {"name": "Beach Mansion, 111 party Street, Barrington, RI", "lat_coord": 42.32, "long_coord": -71.2, "proximity": 0}}, {"model": "gotogether.location", "pk": 9, "fields": {"name": "Medford", "lat_coord": 41.2, "long_coord": -72.1, "proximity": 160}}, {"model": "gotogether.campingoption", "pk": 1, "fields": {"rv": false, "tent": true, "tent_drivein": true, "hotshower": true, "wifi": false, "handicap": false, "swimming": false, "cabin": false, "water": true, "group": false, "boat": false, "campfire": true, "horse": false, "pet": false, "others": ""}}, {"model": "gotogether.campingoption", "pk": 2, "fields": {"rv": false, "tent": true, "tent_drivein": true, "hotshower": true, "wifi": false, "handicap": false, "swimming": false, "cabin": false, "water": true, "group": false, "boat": false, "campfire": true, "horse": false, "pet": false, "others": "Biking"}}, {"model": "gotogether.campingoption", "pk": 3, "fields": {"rv": false, "tent": true, "tent_drivein": false, "hotshower": false, "wifi": false, "handicap": false, "swimming": false, "cabin": false, "water": true, "group": false, "boat": false, "campfire": false, "horse": false, "pet": false, "others": ""}}, {"model": "gotogether.campingoption", "pk": 4, "fields": {"rv": true, "tent": true, "tent_drivein": true, "hotshower": true, "wifi": true, "handicap": false, "swimming": true, "cabin": true, "water": true, "group": true, "boat": false, "campfire": true, "horse": false, "pet": false, "others": ""}}, {"model": "gotogether.campingoption", "pk": 5, "fields": {"rv": false, "tent": true, "tent_drivein": true, "hotshower": true, "wifi": false, "handicap": false, "swimming": false, "cabin": false, "water": false, "group": true, "boat": false, "campfire": true, "horse": false, "pet": false, "others": ""}}, {"model": "gotogether.campingoption", "pk": 6, "fields": {"rv": true, "tent": true, "tent_drivein": false, "hotshower": true, "wifi": true, "handicap": false, "swimming": true, "cabin": true, "water": true, "group": true, "boat": true, "campfire": true, "horse": false, "pet": false, "others": ""}}, {"model": "gotogether.campingoption", "pk": 7, "fields": {"rv": false, "tent": true, "tent_drivein": false, "hotshower": true, "wifi": true, "handicap": false, "swimming": false, "cabin": false, "water": true, "group": false, "boat": false, "campfire": true, "horse": false, "pet": false, "others": ""}}, {"model": "gotogether.campingoption", "pk": 8, "fields": {"rv": true, "tent": true, "tent_drivein": true, "hotshower": true, "wifi": true, "handicap": true, "swimming": true, "cabin": true, "water": true, "group": false, "boat": true, "campfire": true, "horse": false, "pet": false, "others": ""}}, {"model": "gotogether.hoteloption", "pk": 1, "fields": {"freewifi": true, "privatebath": true, "parking": true, "restaurant": false, "gym": false, "pool": false, "freebreakfast": true, "handicap": false, "others": ""}}, {"model": "gotogether.rentaloption", "pk": 1, "fields": {"freewifi": true, "privatebath": true, "parking": true, "restaurant": true, "gym": false, "pool": false, "yard": false, "handicap": true, "others": ""}}, {"model": "gotogether.rentaloption", "pk": 2, "fields": {"freewifi": false, "privatebath": false, "parking": true, "restaurant": true, "gym": false, "pool": false, "yard": false, "handicap": false, "others": ""}}, {"model": "gotogether.activity", "pk": 1, "fields": {"art": false, "family": true, "food": true, "shopping": false, "leisure": false, "nightlife": false, "park": false, "sports": false, "tourist": false, "hiking": true, "swimming": false, "beach": false, "outdoors": false, "rockclimbing": false, "fishing": false, "adventure_sports": false}}, {"model": "gotogether.activity", "pk": 2, "fields": {"art": false, "family": true, "food": true, "shopping": false, "leisure": false, "nightlife": true, "park": false, "sports": false, "tourist": false, "hiking": false, "swimming": false, "beach": false, "outdoors": true, "rockclimbing": false, "fishing": false, "adventure_sports": true}}, {"model": "gotogether.activity", "pk": 3, "fields": {"art": false, "family": true, "food": true, "shopping": false, "leisure": false, "nightlife": false, "park": true, "sports": true, "tourist": false, "hiking": false, "swimming": true, "beach": true, "outdoors": true, "rockclimbing": true, "fishing": false, "adventure_sports": false}}, {"model": "gotogether.activity", "pk": 4, "fields": {"art": false, "family": true, "food": false, "shopping": false, "leisure": false, "nightlife": false, "park": true, "sports": false, "tourist": false, "hiking": true, "swimming": false, "beach": false, "outdoors": true, "rockclimbing": false, "fishing": false, "adventure_sports": true}}, {"model": "gotogether.activity", "pk": 5, "fields": {"art": false, "family": true, "food": true, "shopping": true, "leisure": true, "nightlife": true, "park": false, "sports": false, "tourist": true, "hiking": false, "swimming": false, "beach": false, "outdoors": false, "rockclimbing": false, "fishing": false, "adventure_sports": false}}, {"model": "gotogether.activity", "pk": 6, "fields": {"art": false, "family": true, "food": true, "shopping": true, "leisure": false, "nightlife": false, "park": true, "sports": true, "tourist": true, "hiking": true, "swimming": false, "beach": false, "outdoors": true, "rockclimbing": false, "fishing": false, "adventure_sports": true}}, {"model": "gotogether.activity", "pk": 7, "fields": {"art": false, "family": true, "food": false, "shopping": false, "leisure": true, "nightlife": false, "park": true, "sports": true, "tourist": true, "hiking": true, "swimming": false, "beach": false, "outdoors": true, "rockclimbing": false, "fishing": false, "adventure_sports": false}}, {"model": "gotogether.activity", "pk": 8, "fields": {"art": false, "family": true, "food": true, "shopping": false, "leisure": true, "nightlife": false, "park": true, "sports": true, "tourist": true, "hiking": false, "swimming": true, "beach": true, "outdoors": true, "rockclimbing": false, "fishing": false, "adventure_sports": true}}, {"model": "gotogether.activity", "pk": 9, "fields": {"art": false, "family": true, "food": true, "shopping": false, "leisure": false, "nightlife": false, "park": true, "sports": true, "tourist": false, "hiking": false, "swimming": false, "beach": false, "outdoors": false, "rockclimbing": false, "fishing": false, "adventure_sports": false}}, {"model": "gotogether.activity", "pk": 10, "fields": {"art": false, "family": true, "food": true, "shopping": false, "leisure": false, "nightlife": false, "park": true, "sports": true, "tourist": false, "hiking": false, "swimming": false, "beach": false, "outdoors": false, "rockclimbing": false, "fishing": false, "adventure_sports": false}}, {"model": "gotogether.activity", "pk": 11, "fields": {"art": false, "family": true, "food": true, "shopping": false, "leisure": false, "nightlife": false, "park": true, "sports": false, "tourist": false, "hiking": false, "swimming": false, "beach": false, "outdoors": false, "rockclimbing": false, "fishing": false, "adventure_sports": false}}, {"model": "gotogether.activity", "pk": 12, "fields": {"art": false, "family": true, "food": true, "shopping": false, "leisure": false, "nightlife": false, "park": true, "sports": false, "tourist": false, "hiking": false, "swimming": false, "beach": false, "outdoors": false, "rockclimbing": false, "fishing": false, "adventure_sports": false}}, {"model": "gotogether.activity", "pk": 13, "fields": {"art": false, "family": true, "food": true, "shopping": false, "leisure": false, "nightlife": false, "park": true, "sports": false, "tourist": false, "hiking": false, "swimming": false, "beach": false, "outdoors": false, "rockclimbing": false, "fishing": false, "adventure_sports": false}}, {"model": "gotogether.activity", "pk": 14, "fields": {"art": true, "family": true, "food": true, "shopping": true, "leisure": true, "nightlife": false, "park": false, "sports": true, "tourist": false, "hiking": true, "swimming": false, "beach": false, "outdoors": true, "rockclimbing": false, "fishing": false, "adventure_sports": true}}, {"model": "gotogether.activity", "pk": 15, "fields": {"art": false, "family": true, "food": true, "shopping": false, "leisure": false, "nightlife": false, "park": true, "sports": true, "tourist": true, "hiking": false, "swimming": true, "beach": true, "outdoors": true, "rockclimbing": false, "fishing": false, "adventure_sports": false}}, {"model": "gotogether.activity", "pk": 16, "fields": {"art": false, "family": true, "food": true, "shopping": true, "leisure": true, "nightlife": true, "park": false, "sports": false, "tourist": false, "hiking": false, "swimming": false, "beach": true, "outdoors": false, "rockclimbing": false, "fishing": false, "adventure_sports": false}}, {"model": "gotogether.activity", "pk": 17, "fields": {"art": true, "family": true, "food": true, "shopping": true, "leisure": false, "nightlife": false, "park": true, "sports": false, "tourist": true, "hiking": false, "swimming": false, "beach": false, "outdoors": false, "rockclimbing": false, "fishing": false, "adventure_sports": false}}, {"model": "gotogether.food", "pk": 1, "fields": {"vegan": false, "vegetarian": false, "kosher": false, "halah": false, "organic": false, "fastfood": false, "meat": false, "seafood": false, "desserts": false, "glutenfree": false, "three_star_restaurant": false, "zagat": false, "family": true, "grocery": true, "cafe": false, "brewery": false, "raw": false}}, {"model": "gotogether.food", "pk": 2, "fields": {"vegan": false, "vegetarian": true, "kosher": false, "halah": false, "organic": true, "fastfood": false, "meat": true, "seafood": true, "desserts": true, "glutenfree": false, "three_star_restaurant": false, "zagat": false, "family": true, "grocery": false, "cafe": false, "brewery": false, "raw": false}}, {"model": "gotogether.food", "pk": 3, "fields": {"vegan": false, "vegetarian": true, "kosher": false, "halah": false, "organic": true, "fastfood": false, "meat": true, "seafood": true, "desserts": true, "glutenfree": false, "three_star_restaurant": false, "zagat": false, "family": true, "grocery": true, "cafe": true, "brewery": false, "raw": false}}, {"model": "gotogether.food", "pk": 4, "fields": {"vegan": false, "vegetarian": true, "kosher": true, "halah": false, "organic": true, "fastfood": false, "meat": true, "seafood": true, "desserts": true, "glutenfree": false, "three_star_restaurant": false, "zagat": false, "family": true, "grocery": true, "cafe": true, "brewery": true, "raw": false}}, {"model": "gotogether.food", "pk": 5, "fields": {"vegan": false, "vegetarian": false, "kosher": false, "halah": false, "organic": false, "fastfood": true, "meat": false, "seafood": true, "desserts": true, "glutenfree": false, "three_star_restaurant": false, "zagat": true, "family": true, "grocery": true, "cafe": true, "brewery": false, "raw": false}}, {"model": "gotogether.food", "pk": 6, "fields": {"vegan": false, "vegetarian": false, "kosher": false, "halah": false, "organic": false, "fastfood": false, "meat": false, "seafood": false, "desserts": false, "glutenfree": false, "three_star_restaurant": false, "zagat": false, "family": false, "grocery": true, "cafe": false, "brewery": false, "raw": false}}, {"model": "gotogether.food", "pk": 7, "fields": {"vegan": false, "vegetarian": false, "kosher": false, "halah": false, "organic": false, "fastfood": true, "meat": false, "seafood": false, "desserts": false, "glutenfree": false, "three_star_restaurant": false, "zagat": false, "family": true, "grocery": true, "cafe": true, "brewery": false, "raw": false}}, {"model": "gotogether.food", "pk": 8, "fields": {"vegan": false, "vegetarian": true, "kosher": false, "halah": false, "organic": true, "fastfood": false, "meat": true, "seafood": true, "desserts": true, "glutenfree": false, "three_star_restaurant": false, "zagat": false, "family": true, "grocery": true, "cafe": true, "brewery": true, "raw": false}}, {"model": "gotogether.food", "pk": 9, "fields": {"vegan": false, "vegetarian": true, "kosher": false, "halah": false, "organic": false, "fastfood": false, "meat": false, "seafood": true, "desserts": false, "glutenfree": false, "three_star_restaurant": false, "zagat": false, "family": true, "grocery": true, "cafe": true, "brewery": true, "raw": false}}, {"model": "gotogether.food", "pk": 10, "fields": {"vegan": true, "vegetarian": true, "kosher": false, "halah": false, "organic": true, "fastfood": false, "meat": true, "seafood": true, "desserts": false, "glutenfree": false, "three_star_restaurant": false, "zagat": false, "family": true, "grocery": true, "cafe": true, "brewery": false, "raw": false}}, {"model": "gotogether.food", "pk": 11, "fields": {"vegan": false, "vegetarian": true, "kosher": false, "halah": false, "organic": true, "fastfood": false, "meat": true, "seafood": true, "desserts": true, "glutenfree": false, "three_star_restaurant": true, "zagat": true, "family": true, "grocery": true, "cafe": true, "brewery": false, "raw": false}}, {"model": "gotogether.business", "pk": 1, "fields": {"name": "White Ledge campground", "description": "Overview\r\n\r\nWhite Ledge Campground is conveniently located off State Route 16, 5 miles south of the town of Conway, New Hampshire. It is a relatively small facility and provides easy access to town amenities and activities as well as superb scenic driving, hiking, fishing and rock climbing. \r\n\r\nThe White Mountains boast pristine forests, clear mountain streams and rivers and the tallest peaks in the Northeast. The forest encompasses nearly 800,000 acres in New Hampshire and western Maine, and is one of the most popular in the country.\r\n\r\nNatural Features:\r\nThe campground is tucked away in a mixed white pine and hardwood forest in the southern part of White Mountain National Forest. The forest is home to many species of northern wildlife, including moos", "image": "uploads/whiteledge.jpg", "imageURL": "http://www.fs.usda.gov/Internet/FSE_MEDIA/stelprdb5167662.jpg", "url": "http://www.fs.usda.gov/recarea/whitemountain/recreation/recarea/?recid=74955&actid=29", "location": 2, "accommodation_type": "C", "camping": 3, "hotel": null, "rental": null, "activities": 4, "food": null}}, {"model": "gotogether.business", "pk": 2, "fields": {"name": "Happy Trials Campground", "description": "A nice imagery campground made up for this demo", "image": "", "imageURL": "http://www.heavenlyacres.net/images/slider/slide1.jpg", "url": "http://www.heavenlyacres.net/images/slider/slide1.jpg", "location": 3, "accommodation_type": "C", "camping": 4, "hotel": null, "rental": null, "activities": 6, "food": 5}}, {"model": "gotogether.business", "pk": 3, "fields": {"name": "KOA", "description": "Some Conway Campground", "image": "", "imageURL": "https://www.nps.gov/grsa/planyourvisit/images/web-campground-2015.jpg", "url": "", "location": 2, "accommodation_type": "C", "camping": 5, "hotel": null, "rental": null, "activities": 7, "food": 6}}, {"model": "gotogether.business", "pk": 4, "fields": {"name": "Lakeside Campground", "description": "A nice campground", "image": "", "imageURL": "http://camprrm.com/wp-content/uploads/2011/06/whiteface1.jpg", "url": "", "location": 4, "accommodation_type": "C", "camping": 6, "hotel": null, "rental": null, "activities": 8, "food": 7}}, {"model": "gotogether.business", "pk": 5, "fields": {"name": "34 trails campground", "description": "Imaginary place", "image": "", "imageURL": "http://kingofwallpapers.com/wilderness/wilderness-009.jpg", "url": "", "location": 6, "accommodation_type": "H", "camping": 8, "hotel": null, "rental": null, "activities": 15, "food": 9}}, {"model": "gotogether.business", "pk": 6, "fields": {"name": "Beach Mansion", "description": "A beach front rental property in Rhode Island", "image": "", "imageURL": "http://beachmansion.net/wp-content/themes/beachmansion/thumb.php?src=http://beachmansion.net/wp-content/uploads/2010/12/beach-mansion-front-med-1024x682.png&w=438&h=295&zc=1&q=90", "url": "", "location": 8, "accommodation_type": "R", "camping": null, "hotel": null, "rental": 2, "activities": 16, "food": 10}}, {"model": "gotogether.options", "pk": 1, "fields": {"user": 1, "event": 1, "venue": 1, "distance": 130, "points": 100, "votes": 2}}, {"model": "gotogether.options", "pk": 2, "fields": {"user": 1, "event": 1, "venue": 2, "distance": 100, "points": 100, "votes": 0}}, {"model": "gotogether.options", "pk": 3, "fields": {"user": 1, "event": 1, "venue": 3, "distance": 110, "points": 100, "votes": 0}}, {"model": "gotogether.options", "pk": 4, "fields": {"user": 1, "event": 1, "venue": 4, "distance": 90, "points": 20, "votes": 0}}, {"model": "gotogether.options", "pk": 5, "fields": {"user": 1, "event": 1, "venue": 5, "distance": 120, "points": 10, "votes": 1}}, {"model": "gotogether.booking", "pk": 1, "fields": {"user": 6, "event": 3, "venue": 6, "start": "2016-12-26T23:10:02Z", "num_days": 7, "price": 3000.0, "paid": 3000.0}}, {"model": "auth.permission", "pk": 1, "fields": {"name": "Can add log entry", "content_type": 1, "codename": "add_logentry"}}, {"model": "auth.permission", "pk": 2, "fields": {"name": "Can change log entry", "content_type": 1, "codename": "change_logentry"}}, {"model": "auth.permission", "pk": 3, "fields": {"name": "Can delete log entry", "content_type": 1, "codename": "delete_logentry"}}, {"model": "auth.permission", "pk": 4, "fields": {"name": "Can add permission", "content_type": 2, "codename": "add_permission"}}, {"model": "auth.permission", "pk": 5, "fields": {"name": "Can change permission", "content_type": 2, "codename": "change_permission"}}, {"model": "auth.permission", "pk": 6, "fields": {"name": "Can delete permission", "content_type": 2, "codename": "delete_permission"}}, {"model": "auth.permission", "pk": 7, "fields": {"name": "Can add group", "content_type": 3, "codename": "add_group"}}, {"model": "auth.permission", "pk": 8, "fields": {"name": "Can change group", "content_type": 3, "codename": "change_group"}}, {"model": "auth.permission", "pk": 9, "fields": {"name": "Can delete group", "content_type": 3, "codename": "delete_group"}}, {"model": "auth.permission", "pk": 10, "fields": {"name": "Can add user", "content_type": 4, "codename": "add_user"}}, {"model": "auth.permission", "pk": 11, "fields": {"name": "Can change user", "content_type": 4, "codename": "change_user"}}, {"model": "auth.permission", "pk": 12, "fields": {"name": "Can delete user", "content_type": 4, "codename": "delete_user"}}, {"model": "auth.permission", "pk": 13, "fields": {"name": "Can add content type", "content_type": 5, "codename": "add_contenttype"}}, {"model": "auth.permission", "pk": 14, "fields": {"name": "Can change content type", "content_type": 5, "codename": "change_contenttype"}}, {"model": "auth.permission", "pk": 15, "fields": {"name": "Can delete content type", "content_type": 5, "codename": "delete_contenttype"}}, {"model": "auth.permission", "pk": 16, "fields": {"name": "Can add session", "content_type": 6, "codename": "add_session"}}, {"model": "auth.permission", "pk": 17, "fields": {"name": "Can change session", "content_type": 6, "codename": "change_session"}}, {"model": "auth.permission", "pk": 18, "fields": {"name": "Can delete session", "content_type": 6, "codename": "delete_session"}}, {"model": "auth.permission", "pk": 19, "fields": {"name": "Can add user", "content_type": 7, "codename": "add_user"}}, {"model": "auth.permission", "pk": 20, "fields": {"name": "Can change user", "content_type": 7, "codename": "change_user"}}, {"model": "auth.permission", "pk": 21, "fields": {"name": "Can delete user", "content_type": 7, "codename": "delete_user"}}, {"model": "auth.permission", "pk": 22, "fields": {"name": "Can add event", "content_type": 8, "codename": "add_event"}}, {"model": "auth.permission", "pk": 23, "fields": {"name": "Can change event", "content_type": 8, "codename": "change_event"}}, {"model": "auth.permission", "pk": 24, "fields": {"name": "Can delete event", "content_type": 8, "codename": "delete_event"}}, {"model": "auth.permission", "pk": 25, "fields": {"name": "Can add rsvp", "content_type": 9, "codename": "add_rsvp"}}, {"model": "auth.permission", "pk": 26, "fields": {"name": "Can change rsvp", "content_type": 9, "codename": "change_rsvp"}}, {"model": "auth.permission", "pk": 27, "fields": {"name": "Can delete rsvp", "content_type": 9, "codename": "delete_rsvp"}}, {"model": "auth.permission", "pk": 28, "fields": {"name": "Can add profile", "content_type": 10, "codename": "add_profile"}}, {"model": "auth.permission", "pk": 29, "fields": {"name": "Can change profile", "content_type": 10, "codename": "change_profile"}}, {"model": "auth.permission", "pk": 30, "fields": {"name": "Can delete profile", "content_type": 10, "codename": "delete_profile"}}, {"model": "auth.permission", "pk": 31, "fields": {"name": "Can add user event profile", "content_type": 11, "codename": "add_usereventprofile"}}, {"model": "auth.permission", "pk": 32, "fields": {"name": "Can change user event profile", "content_type": 11, "codename": "change_usereventprofile"}}, {"model": "auth.permission", "pk": 33, "fields": {"name": "Can delete user event profile", "content_type": 11, "codename": "delete_usereventprofile"}}, {"model": "auth.permission", "pk": 34, "fields": {"name": "Can add location", "content_type": 12, "codename": "add_location"}}, {"model": "auth.permission", "pk": 35, "fields": {"name": "Can change location", "content_type": 12, "codename": "change_location"}}, {"model": "auth.permission", "pk": 36, "fields": {"name": "Can delete location", "content_type": 12, "codename": "delete_location"}}, {"model": "auth.permission", "pk": 37, "fields": {"name": "Can add accommodation", "content_type": 13, "codename": "add_accommodation"}}, {"model": "auth.permission", "pk": 38, "fields": {"name": "Can change accommodation", "content_type": 13, "codename": "change_accommodation"}}, {"model": "auth.permission", "pk": 39, "fields": {"name": "Can delete accommodation", "content_type": 13, "codename": "delete_accommodation"}}, {"model": "auth.permission", "pk": 40, "fields": {"name": "Can add camping option", "content_type": 14, "codename": "add_campingoption"}}, {"model": "auth.permission", "pk": 41, "fields": {"name": "Can change camping option", "content_type": 14, "codename": "change_campingoption"}}, {"model": "auth.permission", "pk": 42, "fields": {"name": "Can delete camping option", "content_type": 14, "codename": "delete_campingoption"}}, {"model": "auth.permission", "pk": 43, "fields": {"name": "Can add hotel option", "content_type": 15, "codename": "add_hoteloption"}}, {"model": "auth.permission", "pk": 44, "fields": {"name": "Can change hotel option", "content_type": 15, "codename": "change_hoteloption"}}, {"model": "auth.permission", "pk": 45, "fields": {"name": "Can delete hotel option", "content_type": 15, "codename": "delete_hoteloption"}}, {"model": "auth.permission", "pk": 46, "fields": {"name": "Can add rental option", "content_type": 16, "codename": "add_rentaloption"}}, {"model": "auth.permission", "pk": 47, "fields": {"name": "Can change rental option", "content_type": 16, "codename": "change_rentaloption"}}, {"model": "auth.permission", "pk": 48, "fields": {"name": "Can delete rental option", "content_type": 16, "codename": "delete_rentaloption"}}, {"model": "auth.permission", "pk": 49, "fields": {"name": "Can add activity", "content_type": 17, "codename": "add_activity"}}, {"model": "auth.permission", "pk": 50, "fields": {"name": "Can change activity", "content_type": 17, "codename": "change_activity"}}, {"model": "auth.permission", "pk": 51, "fields": {"name": "Can delete activity", "content_type": 17, "codename": "delete_activity"}}, {"model": "auth.permission", "pk": 52, "fields": {"name": "Can add food", "content_type": 18, "codename": "add_food"}}, {"model": "auth.permission", "pk": 53, "fields": {"name": "Can change food", "content_type": 18, "codename": "change_food"}}, {"model": "auth.permission", "pk": 54, "fields": {"name": "Can delete food", "content_type": 18, "codename": "delete_food"}}, {"model": "auth.permission", "pk": 55, "fields": {"name": "Can add business", "content_type": 19, "codename": "add_business"}}, {"model": "auth.permission", "pk": 56, "fields": {"name": "Can change business", "content_type": 19, "codename": "change_business"}}, {"model": "auth.permission", "pk": 57, "fields": {"name": "Can delete business", "content_type": 19, "codename": "delete_business"}}, {"model": "auth.permission", "pk": 58, "fields": {"name": "Can add booking", "content_type": 20, "codename": "add_booking"}}, {"model": "auth.permission", "pk": 59, "fields": {"name": "Can change booking", "content_type": 20, "codename": "change_booking"}}, {"model": "auth.permission", "pk": 60, "fields": {"name": "Can delete booking", "content_type": 20, "codename": "delete_booking"}}, {"model": "auth.permission", "pk": 61, "fields": {"name": "Can add options", "content_type": 21, "codename": "add_options"}}, {"model": "auth.permission", "pk": 62, "fields": {"name": "Can change options", "content_type": 21, "codename": "change_options"}}, {"model": "auth.permission", "pk": 63, "fields": {"name": "Can delete options", "content_type": 21, "codename": "delete_options"}}, {"model": "auth.user", "pk": 1, "fields": {"password": "pbkdf2_sha256$24000$tf9QSl2Kc1fR$QpsuH0gq+4gIPTuYOwQst2fmqNy6m/G/eCWj8hYIrno=", "last_login": "2016-12-12T20:59:06.313Z", "is_superuser": true, "username": "phoebe", "first_name": "", "last_name": "", "email": "phoebem@comcast.net", "is_staff": true, "is_active": true, "date_joined": "2016-12-12T20:57:42.891Z", "groups": [], "user_permissions": []}}, {"model": "admin.logentry", "pk": 1, "fields": {"action_time": "2016-12-12T21:01:12.800Z", "user": 1, "content_type": 12, "object_id": "1", "object_repr": "within 150 miles of Boston ", "action_flag": 1, "change_message": "Added."}}, {"model": "admin.logentry", "pk": 2, "fields": {"action_time": "2016-12-12T21:01:49.878Z", "user": 1, "content_type": 14, "object_id": "1", "object_repr": "CampingOption object", "action_flag": 1, "change_message": "Added."}}, {"model": "admin.logentry", "pk": 3, "fields": {"action_time": "2016-12-12T21:02:10.241Z", "user": 1, "content_type": 17, "object_id": "1", "object_repr": "Activity object", "action_flag": 1, "change_message": "Added."}}, {"model": "admin.logentry", "pk": 4, "fields": {"action_time": "2016-12-12T21:02:22.131Z", "user": 1, "content_type": 18, "object_id": "1", "object_repr": "Food object", "action_flag": 1, "change_message": "Added."}}, {"model": "admin.logentry", "pk": 5, "fields": {"action_time": "2016-12-12T21:02:23.955Z", "user": 1, "content_type": 8, "object_id": "1", "object_repr": "Memorial camping weekend 2017 (2017-05-26 20:59:26+00:00)", "action_flag": 1, "change_message": "Added."}}, {"model": "admin.logentry", "pk": 6, "fields": {"action_time": "2016-12-12T21:03:38.807Z", "user": 1, "content_type": 17, "object_id": "2", "object_repr": "Activity object", "action_flag": 1, "change_message": "Added."}}, {"model": "admin.logentry", "pk": 7, "fields": {"action_time": "2016-12-12T21:03:55.031Z", "user": 1, "content_type": 18, "object_id": "2", "object_repr": "Food object", "action_flag": 1, "change_message": "Added."}}, {"model": "admin.logentry", "pk": 8, "fields": {"action_time": "2016-12-12T21:04:05.401Z", "user": 1, "content_type": 8, "object_id": "2", "object_repr": "Christmas Party (2016-12-25 18:00:00+00:00)", "action_flag": 1, "change_message": "Added."}}, {"model": "admin.logentry", "pk": 9, "fields": {"action_time": "2016-12-12T21:05:08.769Z", "user": 1, "content_type": 14, "object_id": "2", "object_repr": "CampingOption object", "action_flag": 1, "change_message": "Added."}}, {"model": "admin.logentry", "pk": 10, "fields": {"action_time": "2016-12-12T21:05:26.944Z", "user": 1, "content_type": 17, "object_id": "3", "object_repr": "Activity object", "action_flag": 1, "change_message": "Added."}}, {"model": "admin.logentry", "pk": 11, "fields": {"action_time": "2016-12-12T21:05:45.039Z", "user": 1, "content_type": 18, "object_id": "3", "object_repr": "Food object", "action_flag": 1, "change_message": "Added."}}, {"model": "admin.logentry", "pk": 12, "fields": {"action_time": "2016-12-12T21:05:51.481Z", "user": 1, "content_type": 10, "object_id": "1", "object_repr": "Camping", "action_flag": 1, "change_message": "Added."}}, {"model": "admin.logentry", "pk": 13, "fields": {"action_time": "2016-12-12T21:09:12.634Z", "user": 1, "content_type": 12, "object_id": "2", "object_repr": "within 10 miles of Conway, NH ", "action_flag": 1, "change_message": "Added."}}, {"model": "admin.logentry", "pk": 14, "fields": {"action_time": "2016-12-12T21:16:25.966Z", "user": 1, "content_type": 14, "object_id": "3", "object_repr": "CampingOption object", "action_flag": 1, "change_message": "Added."}}, {"model": "admin.logentry", "pk": 15, "fields": {"action_time": "2016-12-12T21:16:41.822Z", "user": 1, "content_type": 17, "object_id": "4", "object_repr": "Activity object", "action_flag": 1, "change_message": "Added."}}, {"model": "admin.logentry", "pk": 16, "fields": {"action_time": "2016-12-12T21:16:51.394Z", "user": 1, "content_type": 19, "object_id": "1", "object_repr": "White Ledge campground within 10 miles of Conway, NH ", "action_flag": 1, "change_message": "Added."}}, {"model": "admin.logentry", "pk": 17, "fields": {"action_time": "2016-12-12T21:17:54.178Z", "user": 1, "content_type": 9, "object_id": "1", "object_repr": "Y", "action_flag": 1, "change_message": "Added."}}, {"model": "admin.logentry", "pk": 18, "fields": {"action_time": "2016-12-12T21:18:25.430Z", "user": 1, "content_type": 9, "object_id": "2", "object_repr": "Y", "action_flag": 1, "change_message": "Added."}}, {"model": "admin.logentry", "pk": 19, "fields": {"action_time": "2016-12-12T21:23:02.344Z", "user": 1, "content_type": 9, "object_id": "2", "object_repr": "Memorial camping weekend 2017 alicia Y", "action_flag": 2, "change_message": "Changed number_of_guests."}}, {"model": "admin.logentry", "pk": 20, "fields": {"action_time": "2016-12-12T21:23:14.056Z", "user": 1, "content_type": 9, "object_id": "1", "object_repr": "Memorial camping weekend 2017 Josh Y", "action_flag": 2, "change_message": "Changed person and number_of_guests."}}, {"model": "admin.logentry", "pk": 21, "fields": {"action_time": "2016-12-12T21:23:39.024Z", "user": 1, "content_type": 9, "object_id": "3", "object_repr": "Memorial camping weekend 2017 Phoebe Y", "action_flag": 1, "change_message": "Added."}}, {"model": "admin.logentry", "pk": 22, "fields": {"action_time": "2016-12-12T22:31:27.662Z", "user": 1, "content_type": 7, "object_id": "6", "object_repr": "Cary S", "action_flag": 1, "change_message": "Added."}}, {"model": "admin.logentry", "pk": 23, "fields": {"action_time": "2016-12-12T22:48:19.068Z", "user": 1, "content_type": 17, "object_id": "5", "object_repr": "Activity object", "action_flag": 1, "change_message": "Added."}}, {"model": "admin.logentry", "pk": 24, "fields": {"action_time": "2016-12-12T22:48:38.134Z", "user": 1, "content_type": 18, "object_id": "4", "object_repr": "Food object", "action_flag": 1, "change_message": "Added."}}, {"model": "admin.logentry", "pk": 25, "fields": {"action_time": "2016-12-12T22:48:52.909Z", "user": 1, "content_type": 16, "object_id": "1", "object_repr": "RentalOption object", "action_flag": 1, "change_message": "Added."}}, {"model": "admin.logentry", "pk": 26, "fields": {"action_time": "2016-12-12T22:48:54.564Z", "user": 1, "content_type": 8, "object_id": "3", "object_repr": "New Years Eve Party (2016-12-26 22:47:22+00:00)", "action_flag": 1, "change_message": "Added."}}, {"model": "admin.logentry", "pk": 27, "fields": {"action_time": "2016-12-12T22:49:27.711Z", "user": 1, "content_type": 11, "object_id": "1", "object_repr": "Memorial camping weekend 2017 Camping", "action_flag": 1, "change_message": "Added."}}, {"model": "admin.logentry", "pk": 28, "fields": {"action_time": "2016-12-13T03:46:19.974Z", "user": 1, "content_type": 7, "object_id": "7", "object_repr": "Steve M", "action_flag": 1, "change_message": "Added."}}, {"model": "admin.logentry", "pk": 29, "fields": {"action_time": "2016-12-13T03:46:40.384Z", "user": 1, "content_type": 7, "object_id": "1", "object_repr": "Leah A", "action_flag": 2, "change_message": "Changed contacts."}}, {"model": "admin.logentry", "pk": 30, "fields": {"action_time": "2016-12-13T03:47:04.622Z", "user": 1, "content_type": 7, "object_id": "8", "object_repr": "jon H", "action_flag": 1, "change_message": "Added."}}, {"model": "admin.logentry", "pk": 31, "fields": {"action_time": "2016-12-13T03:47:43.781Z", "user": 1, "content_type": 7, "object_id": "9", "object_repr": "Carolyn S", "action_flag": 1, "change_message": "Added."}}, {"model": "admin.logentry", "pk": 32, "fields": {"action_time": "2016-12-13T03:48:41.343Z", "user": 1, "content_type": 7, "object_id": "10", "object_repr": "Beth S", "action_flag": 1, "change_message": "Added."}}, {"model": "admin.logentry", "pk": 33, "fields": {"action_time": "2016-12-13T03:49:37.061Z", "user": 1, "content_type": 7, "object_id": "11", "object_repr": "aj j", "action_flag": 1, "change_message": "Added."}}, {"model": "admin.logentry", "pk": 34, "fields": {"action_time": "2016-12-17T16:10:53.800Z", "user": 1, "content_type": 12, "object_id": "3", "object_repr": "within 10 miles of Maine ", "action_flag": 1, "change_message": "Added."}}, {"model": "admin.logentry", "pk": 35, "fields": {"action_time": "2016-12-17T16:11:09.506Z", "user": 1, "content_type": 12, "object_id": "3", "object_repr": "within 10 miles of Kittery, Maine ", "action_flag": 2, "change_message": "Changed name."}}, {"model": "admin.logentry", "pk": 36, "fields": {"action_time": "2016-12-17T16:11:36.577Z", "user": 1, "content_type": 14, "object_id": "4", "object_repr": "CampingOption object", "action_flag": 1, "change_message": "Added."}}, {"model": "admin.logentry", "pk": 37, "fields": {"action_time": "2016-12-17T16:11:50.213Z", "user": 1, "content_type": 17, "object_id": "6", "object_repr": "Activity object", "action_flag": 1, "change_message": "Added."}}, {"model": "admin.logentry", "pk": 38, "fields": {"action_time": "2016-12-17T16:12:05.534Z", "user": 1, "content_type": 18, "object_id": "5", "object_repr": "Food object", "action_flag": 1, "change_message": "Added."}}, {"model": "admin.logentry", "pk": 39, "fields": {"action_time": "2016-12-17T16:12:10.915Z", "user": 1, "content_type": 19, "object_id": "2", "object_repr": "Happy Trials Campground within 10 miles of Kittery, Maine ", "action_flag": 1, "change_message": "Added."}}, {"model": "admin.logentry", "pk": 40, "fields": {"action_time": "2016-12-17T16:14:29.902Z", "user": 1, "content_type": 14, "object_id": "5", "object_repr": "CampingOption object", "action_flag": 1, "change_message": "Added."}}, {"model": "admin.logentry", "pk": 41, "fields": {"action_time": "2016-12-17T16:14:45.748Z", "user": 1, "content_type": 17, "object_id": "7", "object_repr": "Activity object", "action_flag": 1, "change_message": "Added."}}, {"model": "admin.logentry", "pk": 42, "fields": {"action_time": "2016-12-17T16:14:57.767Z", "user": 1, "content_type": 18, "object_id": "6", "object_repr": "Food object", "action_flag": 1, "change_message": "Added."}}, {"model": "admin.logentry", "pk": 43, "fields": {"action_time": "2016-12-17T16:14:59.573Z", "user": 1, "content_type": 19, "object_id": "3", "object_repr": "KOA within 10 miles of Conway, NH ", "action_flag": 1, "change_message": "Added."}}, {"model": "admin.logentry", "pk": 44, "fields": {"action_time": "2016-12-17T16:19:00.283Z", "user": 1, "content_type": 12, "object_id": "4", "object_repr": "within 10 miles of Springfield, MA ", "action_flag": 1, "change_message": "Added."}}, {"model": "admin.logentry", "pk": 45, "fields": {"action_time": "2016-12-17T16:19:25.715Z", "user": 1, "content_type": 14, "object_id": "6", "object_repr": "CampingOption object", "action_flag": 1, "change_message": "Added."}}, {"model": "admin.logentry", "pk": 46, "fields": {"action_time": "2016-12-17T16:19:52.521Z", "user": 1, "content_type": 17, "object_id": "8", "object_repr": "Activity object", "action_flag": 1, "change_message": "Added."}}, {"model": "admin.logentry", "pk": 47, "fields": {"action_time": "2016-12-17T16:20:09.494Z", "user": 1, "content_type": 18, "object_id": "7", "object_repr": "Food object", "action_flag": 1, "change_message": "Added."}}, {"model": "admin.logentry", "pk": 48, "fields": {"action_time": "2016-12-17T16:20:21.198Z", "user": 1, "content_type": 19, "object_id": "4", "object_repr": "Lakeside Campground within 10 miles of Springfield, MA ", "action_flag": 1, "change_message": "Added."}}, {"model": "admin.logentry", "pk": 49, "fields": {"action_time": "2016-12-17T16:20:43.759Z", "user": 1, "content_type": 18, "object_id": "5", "object_repr": "Food object", "action_flag": 2, "change_message": "Changed fastfood, seafood, desserts and zagat."}}, {"model": "admin.logentry", "pk": 50, "fields": {"action_time": "2016-12-17T16:20:59.254Z", "user": 1, "content_type": 17, "object_id": "6", "object_repr": "Activity object", "action_flag": 2, "change_message": "Changed food, shopping and tourist."}}, {"model": "admin.logentry", "pk": 51, "fields": {"action_time": "2016-12-17T23:39:14.916Z", "user": 1, "content_type": 19, "object_id": "1", "object_repr": "White Ledge campground within 10 miles of Conway, NH ", "action_flag": 2, "change_message": "Changed imageURL."}}, {"model": "admin.logentry", "pk": 52, "fields": {"action_time": "2016-12-17T23:47:15.537Z", "user": 1, "content_type": 19, "object_id": "1", "object_repr": "White Ledge campground within 10 miles of Conway, NH ", "action_flag": 2, "change_message": "Changed description."}}, {"model": "admin.logentry", "pk": 53, "fields": {"action_time": "2016-12-17T23:47:42.942Z", "user": 1, "content_type": 19, "object_id": "1", "object_repr": "White Ledge campground within 10 miles of Conway, NH ", "action_flag": 2, "change_message": "Changed description."}}, {"model": "admin.logentry", "pk": 54, "fields": {"action_time": "2016-12-17T23:58:41.037Z", "user": 1, "content_type": 21, "object_id": "1", "object_repr": "Leah Memorial camping weekend 2017 White Ledge campground", "action_flag": 1, "change_message": "Added."}}, {"model": "admin.logentry", "pk": 55, "fields": {"action_time": "2016-12-17T23:58:58.450Z", "user": 1, "content_type": 21, "object_id": "2", "object_repr": "Leah Memorial camping weekend 2017 Happy Trials Campground", "action_flag": 1, "change_message": "Added."}}, {"model": "admin.logentry", "pk": 56, "fields": {"action_time": "2016-12-17T23:59:25.924Z", "user": 1, "content_type": 21, "object_id": "3", "object_repr": "Leah Memorial camping weekend 2017 Lakeside Campground", "action_flag": 1, "change_message": "Added."}}, {"model": "admin.logentry", "pk": 57, "fields": {"action_time": "2016-12-18T02:57:01.575Z", "user": 1, "content_type": 9, "object_id": "4", "object_repr": "Memorial camping weekend 2017 Leah Y", "action_flag": 1, "change_message": "Added."}}, {"model": "admin.logentry", "pk": 58, "fields": {"action_time": "2016-12-18T05:12:02.929Z", "user": 1, "content_type": 12, "object_id": "5", "object_repr": "within 150 miles of Acton,MA ", "action_flag": 1, "change_message": "Added."}}, {"model": "admin.logentry", "pk": 59, "fields": {"action_time": "2016-12-18T05:46:10.542Z", "user": 1, "content_type": 10, "object_id": "1", "object_repr": "Camping", "action_flag": 2, "change_message": "Changed locations."}}, {"model": "admin.logentry", "pk": 60, "fields": {"action_time": "2016-12-18T21:20:38.016Z", "user": 1, "content_type": 14, "object_id": "7", "object_repr": "wifi, hotshower, water, campfire, tent", "action_flag": 1, "change_message": "Added."}}, {"model": "admin.logentry", "pk": 61, "fields": {"action_time": "2016-12-18T21:21:20.301Z", "user": 1, "content_type": 17, "object_id": "14", "object_repr": "hiking, art, family, food, leisure, sports, adventure_sports, outdoors, shopping", "action_flag": 1, "change_message": "Added."}}, {"model": "admin.logentry", "pk": 62, "fields": {"action_time": "2016-12-18T21:21:37.673Z", "user": 1, "content_type": 18, "object_id": "8", "object_repr": "organic, family, desserts, vegetarian, grocery, brewery, seafood, cafe", "action_flag": 1, "change_message": "Added."}}, {"model": "admin.logentry", "pk": 63, "fields": {"action_time": "2016-12-18T21:21:45.186Z", "user": 1, "content_type": 10, "object_id": "2", "object_repr": "Family Camping", "action_flag": 1, "change_message": "Added."}}, {"model": "admin.logentry", "pk": 64, "fields": {"action_time": "2016-12-18T21:22:21.191Z", "user": 1, "content_type": 11, "object_id": "2", "object_repr": "Memorial camping weekend 2017 Family Camping", "action_flag": 1, "change_message": "Added."}}, {"model": "admin.logentry", "pk": 65, "fields": {"action_time": "2016-12-18T21:34:00.113Z", "user": 1, "content_type": 12, "object_id": "6", "object_repr": "within 10 miles of Mad River Junction, Vermont ", "action_flag": 1, "change_message": "Added."}}, {"model": "admin.logentry", "pk": 66, "fields": {"action_time": "2016-12-18T21:34:20.625Z", "user": 1, "content_type": 14, "object_id": "8", "object_repr": "rv, handicap, wifi, hotshower, water, campfire, boat, tent_drivein, swimming, cabin, tent", "action_flag": 1, "change_message": "Added."}}, {"model": "admin.logentry", "pk": 67, "fields": {"action_time": "2016-12-18T21:34:37.989Z", "user": 1, "content_type": 17, "object_id": "15", "object_repr": "tourist, family, food, park, sports, outdoors, beach, swimming", "action_flag": 1, "change_message": "Added."}}, {"model": "admin.logentry", "pk": 68, "fields": {"action_time": "2016-12-18T21:34:52.978Z", "user": 1, "content_type": 18, "object_id": "9", "object_repr": "family, vegetarian, grocery, brewery, seafood, cafe", "action_flag": 1, "change_message": "Added."}}, {"model": "admin.logentry", "pk": 69, "fields": {"action_time": "2016-12-18T21:34:54.365Z", "user": 1, "content_type": 19, "object_id": "5", "object_repr": "34 trails campground within 10 miles of Mad River Junction, Vermont ", "action_flag": 1, "change_message": "Added."}}, {"model": "admin.logentry", "pk": 70, "fields": {"action_time": "2016-12-18T21:35:40.811Z", "user": 1, "content_type": 21, "object_id": "4", "object_repr": "Leah Memorial camping weekend 2017 Lakeside Campground", "action_flag": 1, "change_message": "Added."}}, {"model": "admin.logentry", "pk": 71, "fields": {"action_time": "2016-12-18T21:35:55.818Z", "user": 1, "content_type": 21, "object_id": "5", "object_repr": "Leah Memorial camping weekend 2017 34 trails campground", "action_flag": 1, "change_message": "Added."}}, {"model": "admin.logentry", "pk": 72, "fields": {"action_time": "2016-12-18T21:46:31.523Z", "user": 1, "content_type": 21, "object_id": "5", "object_repr": "Leah Memorial camping weekend 2017 34 trails campground", "action_flag": 2, "change_message": "Changed distance and points."}}, {"model": "admin.logentry", "pk": 73, "fields": {"action_time": "2016-12-18T21:46:51.688Z", "user": 1, "content_type": 21, "object_id": "1", "object_repr": "Leah Memorial camping weekend 2017 White Ledge campground", "action_flag": 2, "change_message": "Changed distance and votes."}}, {"model": "admin.logentry", "pk": 74, "fields": {"action_time": "2016-12-18T21:47:04.749Z", "user": 1, "content_type": 21, "object_id": "4", "object_repr": "Leah Memorial camping weekend 2017 Lakeside Campground", "action_flag": 2, "change_message": "Changed distance, points and votes."}}, {"model": "admin.logentry", "pk": 75, "fields": {"action_time": "2016-12-18T21:47:43.827Z", "user": 1, "content_type": 21, "object_id": "3", "object_repr": "Leah Memorial camping weekend 2017 KOA", "action_flag": 2, "change_message": "Changed venue and distance."}}, {"model": "admin.logentry", "pk": 76, "fields": {"action_time": "2016-12-18T21:58:00.610Z", "user": 1, "content_type": 7, "object_id": "2", "object_repr": "Alicia h", "action_flag": 2, "change_message": "Changed firstname."}}, {"model": "admin.logentry", "pk": 77, "fields": {"action_time": "2016-12-18T22:06:02.985Z", "user": 1, "content_type": 10, "object_id": "2", "object_repr": "Family Camping", "action_flag": 2, "change_message": "Changed user."}}, {"model": "admin.logentry", "pk": 78, "fields": {"action_time": "2016-12-18T22:14:23.913Z", "user": 1, "content_type": 9, "object_id": "5", "object_repr": "Christmas Party Leah U", "action_flag": 1, "change_message": "Added."}}, {"model": "admin.logentry", "pk": 79, "fields": {"action_time": "2016-12-18T22:14:48.524Z", "user": 1, "content_type": 9, "object_id": "6", "object_repr": "Memorial camping weekend 2017 Cary U", "action_flag": 1, "change_message": "Added."}}, {"model": "admin.logentry", "pk": 80, "fields": {"action_time": "2016-12-18T22:19:49.959Z", "user": 1, "content_type": 12, "object_id": "7", "object_repr": "within 10 miles of Boston ", "action_flag": 1, "change_message": "Added."}}, {"model": "admin.logentry", "pk": 81, "fields": {"action_time": "2016-12-18T22:20:08.845Z", "user": 1, "content_type": 8, "object_id": "2", "object_repr": "Christmas Party (2016-12-25 18:00:00+00:00)", "action_flag": 2, "change_message": "Changed locations."}}, {"model": "admin.logentry", "pk": 82, "fields": {"action_time": "2016-12-18T22:20:29.297Z", "user": 1, "content_type": 8, "object_id": "3", "object_repr": "New Years Eve Party (2016-12-26 22:47:22+00:00)", "action_flag": 2, "change_message": "Changed description."}}, {"model": "admin.logentry", "pk": 83, "fields": {"action_time": "2016-12-18T22:24:30.683Z", "user": 1, "content_type": 9, "object_id": "7", "object_repr": "New Years Eve Party Leah Y", "action_flag": 1, "change_message": "Added."}}, {"model": "admin.logentry", "pk": 84, "fields": {"action_time": "2016-12-18T22:24:47.816Z", "user": 1, "content_type": 9, "object_id": "8", "object_repr": "New Years Eve Party Alicia Y", "action_flag": 1, "change_message": "Added."}}, {"model": "admin.logentry", "pk": 85, "fields": {"action_time": "2016-12-18T22:25:06.893Z", "user": 1, "content_type": 9, "object_id": "9", "object_repr": "New Years Eve Party Phoebe Y", "action_flag": 1, "change_message": "Added."}}, {"model": "admin.logentry", "pk": 86, "fields": {"action_time": "2016-12-18T22:25:20.861Z", "user": 1, "content_type": 9, "object_id": "10", "object_repr": "New Years Eve Party Josh Y", "action_flag": 1, "change_message": "Added."}}, {"model": "admin.logentry", "pk": 87, "fields": {"action_time": "2016-12-18T22:25:36.649Z", "user": 1, "content_type": 9, "object_id": "11", "object_repr": "New Years Eve Party Cary Y", "action_flag": 1, "change_message": "Added."}}, {"model": "admin.logentry", "pk": 88, "fields": {"action_time": "2016-12-18T22:25:58.930Z", "user": 1, "content_type": 9, "object_id": "12", "object_repr": "New Years Eve Party Carolyn U", "action_flag": 1, "change_message": "Added."}}, {"model": "admin.logentry", "pk": 89, "fields": {"action_time": "2016-12-18T22:30:39.967Z", "user": 1, "content_type": 12, "object_id": "8", "object_repr": "within 0 miles of Beach Mansion, 111 party Street, Barrington, RI ", "action_flag": 1, "change_message": "Added."}}, {"model": "admin.logentry", "pk": 90, "fields": {"action_time": "2016-12-18T22:31:14.839Z", "user": 1, "content_type": 8, "object_id": "3", "object_repr": "New Years Eve Party (2016-12-26 22:47:22+00:00)", "action_flag": 2, "change_message": "Changed locations."}}, {"model": "admin.logentry", "pk": 91, "fields": {"action_time": "2016-12-18T22:31:32.884Z", "user": 1, "content_type": 8, "object_id": "3", "object_repr": "New Years Eve Party (2016-12-26 22:47:22+00:00)", "action_flag": 2, "change_message": "Changed locations."}}, {"model": "admin.logentry", "pk": 92, "fields": {"action_time": "2016-12-18T22:37:34.839Z", "user": 1, "content_type": 7, "object_id": "6", "object_repr": "Cary S", "action_flag": 2, "change_message": "Changed contacts."}}, {"model": "admin.logentry", "pk": 93, "fields": {"action_time": "2016-12-18T22:38:16.044Z", "user": 1, "content_type": 7, "object_id": "6", "object_repr": "Cary S", "action_flag": 2, "change_message": "No fields changed."}}, {"model": "admin.logentry", "pk": 94, "fields": {"action_time": "2016-12-18T22:38:43.546Z", "user": 1, "content_type": 7, "object_id": "6", "object_repr": "Cary S", "action_flag": 2, "change_message": "Changed contacts."}}, {"model": "admin.logentry", "pk": 95, "fields": {"action_time": "2016-12-18T22:39:00.378Z", "user": 1, "content_type": 7, "object_id": "6", "object_repr": "Cary S", "action_flag": 2, "change_message": "Changed contacts."}}, {"model": "admin.logentry", "pk": 96, "fields": {"action_time": "2016-12-18T23:03:00.459Z", "user": 1, "content_type": 21, "object_id": "5", "object_repr": "Leah Memorial camping weekend 2017 34 trails campground", "action_flag": 2, "change_message": "Changed votes."}}, {"model": "admin.logentry", "pk": 97, "fields": {"action_time": "2016-12-18T23:03:08.736Z", "user": 1, "content_type": 21, "object_id": "4", "object_repr": "Leah Memorial camping weekend 2017 Lakeside Campground", "action_flag": 2, "change_message": "Changed votes."}}, {"model": "admin.logentry", "pk": 98, "fields": {"action_time": "2016-12-18T23:08:43.212Z", "user": 1, "content_type": 16, "object_id": "2", "object_repr": "restaurant, parking", "action_flag": 1, "change_message": "Added."}}, {"model": "admin.logentry", "pk": 99, "fields": {"action_time": "2016-12-18T23:09:01.847Z", "user": 1, "content_type": 17, "object_id": "16", "object_repr": "family, food, leisure, nightlife, shopping, beach", "action_flag": 1, "change_message": "Added."}}, {"model": "admin.logentry", "pk": 100, "fields": {"action_time": "2016-12-18T23:09:19.595Z", "user": 1, "content_type": 18, "object_id": "10", "object_repr": "organic, meat, family, vegetarian, grocery, vegan, seafood, cafe", "action_flag": 1, "change_message": "Added."}}, {"model": "admin.logentry", "pk": 101, "fields": {"action_time": "2016-12-18T23:09:20.874Z", "user": 1, "content_type": 19, "object_id": "6", "object_repr": "Beach Mansion Beach Mansion, 111 party Street, Barrington, RI", "action_flag": 1, "change_message": "Added."}}, {"model": "admin.logentry", "pk": 102, "fields": {"action_time": "2016-12-18T23:10:17.741Z", "user": 1, "content_type": 20, "object_id": "1", "object_repr": "Cary New Years Eve Party Beach Mansion 2016-12-26 23:10:02+00:00", "action_flag": 1, "change_message": "Added."}}, {"model": "admin.logentry", "pk": 103, "fields": {"action_time": "2016-12-19T00:03:38.481Z", "user": 1, "content_type": 15, "object_id": "1", "object_repr": "freebreakfast, privatebath, freewifi, parking", "action_flag": 1, "change_message": "Added."}}, {"model": "admin.logentry", "pk": 104, "fields": {"action_time": "2016-12-19T00:04:00.491Z", "user": 1, "content_type": 17, "object_id": "17", "object_repr": "art, tourist, family, food, park, shopping", "action_flag": 1, "change_message": "Added."}}, {"model": "admin.logentry", "pk": 105, "fields": {"action_time": "2016-12-19T00:04:18.325Z", "user": 1, "content_type": 18, "object_id": "11", "object_repr": "organic, meat, family, desserts, zagat, vegetarian, grocery, seafood, cafe, three_star_restaurant", "action_flag": 1, "change_message": "Added."}}, {"model": "admin.logentry", "pk": 106, "fields": {"action_time": "2016-12-19T00:04:23.556Z", "user": 1, "content_type": 10, "object_id": "3", "object_repr": "Roadtrip", "action_flag": 1, "change_message": "Added."}}, {"model": "admin.logentry", "pk": 107, "fields": {"action_time": "2016-12-19T00:15:31.716Z", "user": 1, "content_type": 11, "object_id": "2", "object_repr": "Memorial camping weekend 2017 Family Camping", "action_flag": 2, "change_message": "Changed user."}}, {"model": "admin.logentry", "pk": 108, "fields": {"action_time": "2016-12-19T00:19:54.769Z", "user": 1, "content_type": 12, "object_id": "9", "object_repr": "within 160 miles of Medford ", "action_flag": 1, "change_message": "Added."}}, {"model": "admin.logentry", "pk": 109, "fields": {"action_time": "2016-12-19T00:20:04.176Z", "user": 1, "content_type": 10, "object_id": "2", "object_repr": "Family Camping", "action_flag": 2, "change_message": "Changed locations."}}, {"model": "admin.logentry", "pk": 110, "fields": {"action_time": "2016-12-19T03:23:30.015Z", "user": 1, "content_type": 17, "object_id": "2", "object_repr": "family, food, adventure_sports, nightlife, outdoors", "action_flag": 2, "change_message": "Changed outdoors and adventure_sports."}}, {"model": "admin.logentry", "pk": 111, "fields": {"action_time": "2016-12-19T03:23:32.138Z", "user": 1, "content_type": 8, "object_id": "2", "object_repr": "Overnight Ski Trip (2017-01-04 18:00:00+00:00)", "action_flag": 2, "change_message": "Changed name, start, end, number_of_days, description and locations."}}, {"model": "admin.logentry", "pk": 112, "fields": {"action_time": "2016-12-19T03:24:25.926Z", "user": 1, "content_type": 8, "object_id": "2", "object_repr": "Overnight Ski Trip (2017-01-04 18:00:00+00:00)", "action_flag": 2, "change_message": "Changed accommodation_type."}}]